{"FC": {"camera_type": "kannala", "intrinsics": [[1847.919204237398, 0.0, 1921.263788490785, 0.0], [0.0, 1847.919204237398, 1067.74946406143, 0.0], [0.0, 0.0, 1.0, 0.0]], "extrinsics": [[0.010637983504044808, 0.029132901075070355, 0.9995189379806186, 2.044438354629837], [-0.9997824831733101, 0.01824261482878114, 0.010109072361237302, -0.006856317126254376], [-0.017939332394592288, -0.9994090659380398, 0.02932062881449565, 1.124371377834915], [0.0, 0.0, 0.0, 1.0]], "lidar_extrinsics": [[-0.023562679378565845, 0.9996990911233903, 0.006821095775046975, 1.05704844471017], [-0.9997166471680697, -0.023585065470635925, 0.003220258030186996, -0.0002543069339787499], [0.003380165016396696, -0.006743285090760692, 0.9999715508906485, 1.708062991299819], [0.0, 0.0, 0.0, 1.0]], "image_dimensions": [3848, 2168], "distortion": [-0.01511751140293095, -0.006199354963563448, 0.01179646692693651, -0.004943062521121443], "field_of_view": [121.2376221304691, 67.59771650670672], "xi": null, "undistortion": [0.01499355009895777, 0.007861886174897715, -0.01348809712488668, 0.005682459268994054]}}