{"FC": {"camera_type": "kannala", "intrinsics": [[1866.254649589019, 0.0, 1919.254029415608, 0.0], [0.0, 1866.254649589019, 1070.538146556786, 0.0], [0.0, 0.0, 1.0, 0.0]], "extrinsics": [[0.0031491181849355957, 0.007393642085207038, 0.9999677080342996, 2.023073685447837], [-0.999901564433672, 0.013695740277602335, 0.003047645212453774, -0.001729120249509546], [-0.013672764817323511, -0.9998788730416108, 0.007436043792625524, 1.129930671152837], [0.0, 0.0, 0.0, 1.0]], "lidar_extrinsics": [[-0.03245669160011588, 0.9994709339337041, 0.0021012834325531073, 1.060171422682553], [-0.9994624330308892, -0.032446539419532, -0.004697556776853051, 0.002488967145218414], [-0.0046268920832419754, -0.0022526210035673814, 0.999986758696466, 1.709523931915993], [0.0, 0.0, 0.0, 1.0]], "image_dimensions": [3848, 2168], "distortion": [-0.02135201813326693, 0.01742444071089098, -0.01827710302807872, 0.007462940772044408], "field_of_view": [120.0310462140434, 66.95362481129119], "xi": null, "undistortion": [0.02152830737867924, -0.01753514154278558, 0.01973421134168976, -0.008408640711368997]}}