{"FC": {"camera_type": "kannala", "intrinsics": [[1863.741408936456, 0.0, 1907.013643152467, 0.0], [0.0, 1863.741408936456, 1120.193143847905, 0.0], [0.0, 0.0, 1.0, 0.0]], "extrinsics": [[-0.017948956809847868, -0.005421984057499045, 0.9998242030668789, 2.005329759075146], [-0.9997314855627734, -0.014560596070198707, -0.018026253535658808, -0.003650044106571175], [0.014655774421351912, -0.9998792882798212, -0.005159180666511572, 1.11944171485232], [0.0, 0.0, 0.0, 1.0]], "lidar_extrinsics": [[-0.029006848295824065, 0.9995786493425998, -0.001061381347723623, 1.057004884769308], [-0.9995787479169147, -0.029007842577978112, -0.0009336925738754843, 0.0004347963859105716], [-0.0009640875449456421, 0.0010338507597746037, 0.9999990008434061, 1.704213661851533], [0.0, 0.0, 0.0, 1.0]], "image_dimensions": [3848, 2168], "distortion": [-0.01827626772539732, -0.02229251513868293, 0.03391819217185706, -0.0136131833903497], "field_of_view": [120.9702880538638, 67.1682674453265], "xi": null, "undistortion": [0.01779541559395023, 0.02705234372574168, -0.03961591913353265, 0.01616284515523165]}}