{"FC": {"camera_type": "kannala", "intrinsics": [[1880.974214387733, 0.0, 1915.779220181504, 0.0], [0.0, 1880.974214387733, 1071.484918735798, 0.0], [0.0, 0.0, 1.0, 0.0]], "extrinsics": [[0.0012044190777587718, 0.001965261821074766, 0.9999973435568017, 1.977851236897697], [-0.9998665077118292, -0.016292279382508146, 0.0012362801758569466, -0.006727592148754134], [0.016294665717223163, -0.9998653406226746, 0.0019453767416689662, 1.100166968750412], [0.0, 0.0, 0.0, 1.0]], "lidar_extrinsics": [[-0.026292049949138935, 0.9996067994415295, 0.009745492277733445, 1.070841499924121], [-0.9996534423987373, -0.02630357971230336, 0.001056785065440396, 0.0004537406127907922], [0.0013127108699254797, -0.009714329857580478, 0.9999519531385453, 1.691782337051108], [0.0, 0.0, 0.0, 1.0]], "image_dimensions": [3848, 2168], "distortion": [-0.03820261895802062, 0.05806541142408705, -0.05897240799599887, 0.02155291418098617], "field_of_view": [119.4299449008713, 66.58945770112874], "xi": null, "undistortion": [0.03885670127661379, -0.05978478913640749, 0.06296009556557687, -0.02368777476050342]}}