{"FC": {"camera_type": "kannala", "intrinsics": [[1859.746969636308, 0.0, 1914.204755444865, 0.0], [0.0, 1859.746969636308, 1072.962988910742, 0.0], [0.0, 0.0, 1.0, 0.0]], "extrinsics": [[0.007860833774959095, 0.02827074644968561, 0.9995693933827391, 2.009231466004983], [-0.9995331180064728, 0.02973672021022077, 0.0070195070620979, -0.002970823641278691], [-0.029525468677368345, -0.9991578916098866, 0.028491302761809775, 1.136123277061316], [0.0, 0.0, 0.0, 1.0]], "lidar_extrinsics": [[-0.03340051269954744, 0.9994218673478981, 0.006351127320936165, 1.056583465310806], [-0.9994371850542866, -0.0334194976488577, 0.0029069412895446154, 0.002498700889891467], [0.00311751217643701, -0.0062504594820995425, 0.9999756061395155, 1.714755721832048], [0.0, 0.0, 0.0, 1.0]], "image_dimensions": [3848, 2168], "distortion": [-0.02282673566953882, 0.01933894662682144, -0.02054573320386296, 0.008391753914167405], "field_of_view": [120.581700743319, 67.21490441580156], "xi": null, "undistortion": [0.02304399728590842, -0.01958384906699419, 0.02240109125724029, -0.009568056525414393]}}