{"FC": {"camera_type": "kannala", "intrinsics": [[1863.741408936456, 0.0, 1907.013643152467, 0.0], [0.0, 1863.741408936456, 1120.193143847905, 0.0], [0.0, 0.0, 1.0, 0.0]], "extrinsics": [[0.051900654039869994, -0.0028305610965587555, 0.9986482413913794, 2.00447886760607], [-0.9985170566238826, 0.016306996763137183, 0.05194005667813178, -0.01270781496313672], [-0.016431973143668177, -0.9998630255092086, -0.001980019737297032, 1.102109518675779], [0.0, 0.0, 0.0, 1.0]], "lidar_extrinsics": [[-0.028800281959895053, 0.9995837668439884, -0.001684286498765939, 1.058284747372828], [-0.9995846474911849, -0.028801974342412592, -0.0009893300252164236, -0.0001357603657026208], [-0.0010374290097804214, 0.0016550939424654933, 0.999998092200724, 1.703689330261992], [0.0, 0.0, 0.0, 1.0]], "image_dimensions": [3848, 2168], "distortion": [-0.01827626772539732, -0.02229251513868293, 0.03391819217185706, -0.0136131833903497], "field_of_view": [120.9702880538638, 67.1682674453265], "xi": null, "undistortion": [0.01779541559395023, 0.02705234372574168, -0.03961591913353265, 0.01616284515523165]}}