{"FC": {"camera_type": "kannala", "intrinsics": [[1842.404839758716, 0.0, 1934.754952608012, 0.0], [0.0, 1842.404839758716, 1117.090030915719, 0.0], [0.0, 0.0, 1.0, 0.0]], "extrinsics": [[0.042535218194404964, 0.0006033584934258275, 0.9990947858795369, 2.049676593409205], [-0.9986405852754746, 0.030181630463337446, 0.04249765432617767, 0.00840991717115261], [-0.030128668304575175, -0.9995442487159325, 0.001886320516226653, 1.12962535674074], [0.0, 0.0, 0.0, 1.0]], "lidar_extrinsics": [[-0.028607621696452864, 0.9995898212011184, 0.0013391534589668821, 1.058095046684322], [-0.9995903240081867, -0.02860639491158573, -0.0009264552707160952, 0.0002874063645377805], [-0.0008877669057115135, -0.0013651085218487219, 0.9999986741734423, 1.700404227739002], [0.0, 0.0, 0.0, 1.0]], "image_dimensions": [3848, 2168], "distortion": [-0.002333120148062501, -0.04925968090933755, 0.05717721022047071, -0.02141728937331076], "field_of_view": [121.8558717032652, 67.74032599935602], "xi": null, "undistortion": [0.00174751066831955, 0.05320520312821041, -0.0621463213314642, 0.02381974881931682]}}