{"FC": {"camera_type": "kannala", "intrinsics": [[1842.404839758716, 0.0, 1934.754952608012, 0.0], [0.0, 1842.404839758716, 1117.090030915719, 0.0], [0.0, 0.0, 1.0, 0.0]], "extrinsics": [[0.017403973475810484, -0.006656462167356017, 0.9998263815376489, 2.045975662868765], [-0.9996819114354042, 0.018139668038303202, 0.017522225666771918, -0.002400173486311045], [-0.018253154689269527, -0.9998133045498422, -0.006338642521461269, 1.130651936362605], [0.0, 0.0, 0.0, 1.0]], "lidar_extrinsics": [[-0.028930975202168727, 0.9995806851115089, 0.0012052492928471817, 1.058078828892144], [-0.9995809770801776, -0.02892981715809082, -0.0009674392161598642, 0.0006715318150955994], [-0.000932165912820831, -0.0012327332257417057, 0.9999988057170394, 1.700093013234678], [0.0, 0.0, 0.0, 1.0]], "image_dimensions": [3848, 2168], "distortion": [-0.002333120148062501, -0.04925968090933755, 0.05717721022047071, -0.02141728937331076], "field_of_view": [121.8558717032652, 67.74032599935602], "xi": null, "undistortion": [0.00174751066831955, 0.05320520312821041, -0.0621463213314642, 0.02381974881931682]}}